{"04": [[-0.03691459661303076, -1.1471531660427745, 829.3082258036256], [-0.005524819331931725, -0.6726812859221171, 230.66518960835708], [-1.4497866068047267e-05, -0.0012237021808455886, 1.0]], "example1": [[1.1325297346628442, -0.03179564225967766, -429.2116848293005], [0.11832222900263266, 1.0904837967891075, -63.24056469741609], [0.00014637219869491192, -8.458431368011951e-06, 1.0]], "example2": [[0.9999113904532212, 0.00014402090950323018, -113.05002105530914], [-0.00010342346877832795, 1.000152768440295, -136.0297881494706], [-1.9469697569943216e-07, 2.0362228111884111e-07, 1.0]], "example3": [[-0.12200261142348269, -1.1017478176179236, 688.6971683700361], [-0.08565185912610804, 0.08088616183698914, 64.99291536396117], [-0.0007592496000942962, -0.0013467020747938469, 1.0]], "example4": [[0.40062436292129067, 0.1346085009058834, 507.9854873505358], [-0.33687929711467607, 0.8386449698001064, 139.55437237045422], [-0.0004580654202319126, 1.5943930370175194e-05, 1.0]], "example5": [[-2.390473915810512, -3.436934888573402, 1062.2567573936624], [-2.106565222274063, -6.904747805455551, 2535.4857824165224], [-0.0011687448748238605, -0.0063993441030484296, 1.0]], "example6": [[1.511985801034224, -0.11800858515899447, -647.0967207316917], [0.14795419344611888, 1.2650803384036984, -130.97902179112327], [0.0004083372114886798, -4.7735072478845906e-05, 1.0]]}